,value,value,value,value,value,value,value,value,value,value,value,value,value,value,value,value,value,value,value,value,value,value,value,value,value,value,value,value,value,value,value,value,value,value
movie_id,1,2,3,4,5,6,7,8,9,10,11,12,13,14,15,16,17,18,19,20,21,22,23,24,25,26,27,28,29,30,31,32,33,34
user_id,,,,,,,,,,,,,,,,,,,,,,,,,,,,,,,,,,
1,4.003191844274861,3.920303637037131,4.155777250729998,3.5276757394678047,3.9204937470481,4.143390110294659,2.6556296527653833,4.067049835598356,4.010432566125358,3.8057784632066904,3.5365959897577586,3.5596077648709783,4.96011073928584,3.9993516708409778,3.2665475436278797,3.887777890114603,2.3634653726839923,3.1496280124512515,4.109774476662027,3.403689427310598,4.011633290915177,3.6098248127872052,3.4819905546817695,3.7985125521417116,3.7971446520201635,3.9845705879078417,3.3310727783254586,3.990534269759755,3.4575811708140978,3.1048556316191727,2.72067745446338,3.352793564420643,3.0425134707362163,4.565993114516128
2,4.97069149019964,4.967993436826969,4.445573535018678,3.903082580444885,4.8320882024723915,4.7061592444734925,3.393664744761324,4.699088894483566,4.532258874607629,4.837698322594171,3.9618214486935788,4.067410365516762,4.775212646014549,4.01289857005154,3.9985059923094575,4.217459996477993,2.5230102740309057,3.54321111701434,4.198076678750245,4.397675303412294,4.993930584672503,4.573601755659391,3.822628661822457,4.732591449769893,4.314567879363603,4.494122252178661,4.414893828864013,4.164690454129658,3.462866825989817,4.390819551684933,2.9943180069795137,4.34690203990343,4.012564288612127,3.9994301712333256
3,4.017202005038899,3.9856859756875918,4.955732897602399,4.088439189021037,4.52867723324051,4.271289501366264,2.818482613567978,4.338413585370264,4.491351178858308,4.368009471348997,3.725265319560697,3.5316929705100346,4.96490347452268,4.196325506072199,3.4437436136920967,3.621971792301078,2.7259034099406403,3.4183181690758366,4.209076178123032,3.5014855305245263,4.4401890440798555,3.010956754701303,3.0160109328991833,3.8631854067737765,4.081109109095344,4.317240513139737,3.8805249294213677,4.474596828010673,3.2063911606475353,3.2349943901607148,2.2282161967672938,2.5872723220358194,3.445733772886711,4.5943756494439345
4,4.991058749469764,4.987271365209664,4.929477638987005,4.961956654290135,5.010580660078908,4.961481990114263,3.9440054988000397,5.076369411633334,4.952373172607471,5.017442742141815,4.511717638287742,3.8226365744610455,5.000351150060404,4.204000701303552,3.5828852266402116,4.37231299317419,3.1151956396630394,3.5414599748478115,4.341361288904092,3.9815186833032707,4.7216219169542875,4.591416277267996,3.598908098286553,4.979612061491158,4.062624962685768,4.741976301585421,4.503396436923348,4.906978175002985,3.117070056160137,3.4153113274350777,2.005981862482395,4.223406470849392,4.171958940753162,4.644072184737614
5,4.980600951709971,4.240484435517225,5.461771293663899,4.3726687183237365,5.16477238324703,4.553526396128262,3.1549313193672273,4.636240748959246,4.982077679688879,4.920488519632633,4.143802471947614,4.107810964514635,4.9650634699902145,4.6788298879496555,3.290947934060676,4.270663000749074,3.023350542509612,3.437137262313019,4.969739033676462,3.390592549257782,3.9950488352820477,3.4887925866243386,3.108892501982343,4.433597330679417,4.5045396583367,4.722467185419813,3.7370266082348964,5.075913245355333,3.017257682751609,3.6114673930844754,2.996275426700779,2.0318053325916883,4.9807548130221795,4.987324116548054
6,4.970656115923318,4.964549632571291,4.169840204811703,3.8784936320719563,4.506641942159079,4.541497481192099,3.5530700393116534,4.708581219404207,4.2874514025045,4.623760415897796,3.8845152089892836,3.78786015822791,4.321371459287659,3.6317599771745224,3.906158618539657,4.0996901742948895,2.5479339979840256,3.086221280886411,3.7360311077611588,4.183272782589553,4.887642933448817,4.814700196700394,3.9074041513835467,4.8461529571982735,4.015568708684334,4.2181997463318375,4.73391069442652,3.838844153759832,3.4763274197458918,3.8128104552069777,2.0107230239640637,4.979291918939962,4.0016856761973045,3.0166741472558094
7,4.978857892400286,4.184553937706087,4.2198826721235925,2.041108995139536,4.145963099731399,4.239384345660194,2.8288081710466497,4.041237594703068,4.001497031614703,4.114848613615434,3.326891810935819,4.967687506381332,4.988580189883664,4.913485410167823,4.0408755684780555,4.983493519163872,2.1546566373124074,2.9394774424928465,4.258849409798572,4.517441913115558,4.619149395228738,4.9959320460336905,4.9816073621886,4.69307161263651,4.547428573109129,3.987217126768396,3.7965875362234005,3.6677824226031284,5.168081337639769,4.4446603308920425,4.288079128876958,4.518068906252096,4.583821468983523,4.002957771236894
8,4.033184401183774,4.611198978450073,4.988326067974711,4.093831077537645,4.812567049171782,4.380073984127361,3.452996195528238,4.4570205439999935,4.893595015797509,5.002089530711461,4.2612008330074165,4.0297376708067345,4.414965631007394,4.98475783072473,3.481994313058422,4.048049002511951,3.3185643393367803,4.060094025084295,3.668746567938048,3.9404287566947627,5.039742082989801,3.6352023170313448,3.0011863308102518,4.479884425117722,4.267327537368809,4.697549852949625,4.961266515879842,4.964576035426077,3.4016784176100954,3.474879056698211,2.0976978597071216,3.1553514734080057,3.7960493019371606,4.456116721738145
9,4.985860625480423,4.640454560818953,4.999135268983188,4.143034888699209,4.871317700065637,4.667852190730053,3.407289978423436,4.796254709757901,4.769561917007625,4.763090407100088,4.352223399868519,4.289952154230027,4.999044608117502,4.868114334303461,3.362226388235461,4.977766807469506,2.9894495800830976,3.4540441982451258,4.367923684420115,3.59003148181702,4.595397210301495,4.565517699118945,3.9729995191360756,4.753353109098262,4.4208901464747345,4.7431269895156,4.053769931342955,4.974983046776771,3.9982927014701946,3.4483345198581032,2.613240145535001,3.7355347034611173,4.461325911119753,4.891519087199916
10,4.009601985204365,3.9845142991314484,4.00059306641526,2.5242845214557637,3.9242930983853794,4.251729516095493,2.778333106762311,4.018308638567227,4.00764818204075,3.9033192955845446,2.511076340901484,4.011395081887957,4.990411888471534,3.0191400100782464,4.9508454197879725,3.5497174128303963,2.926712084701801,2.7903973660029733,4.509226842265097,5.079784428243582,3.978507336429928,4.001612817195289,4.960474477962954,4.03721132545595,3.644923771072859,3.5720188187894326,3.8975717349412076,3.207310038559877,4.997905065161621,5.323487486443779,2.9670699313368245,4.6558420298643455,3.302566912180649,4.017823569821541
11,4.95886508270049,4.0081499151669595,4.975780776812788,3.56975145614168,4.604580821254663,4.333091148908449,2.701842590619765,4.419375897662561,4.314157940372028,4.532075775961089,3.7018588640467582,4.157043946235499,4.4552094251587135,4.969882797931845,3.309888065992106,4.018391748754387,2.8035364190322647,3.377525155962577,4.022205116363066,4.074102153564698,4.566258175400466,4.125487406523666,3.2105253725280587,4.328457219677444,4.3976549957967315,4.057720475684117,4.187552613476782,4.180516162594466,3.7785925387526245,2.993615624764721,3.224031850117181,3.133252593439103,4.994692040965058,3.01319359387352
12,4.98961276154663,4.648842257755185,4.982036697029891,3.998579190908271,4.919274229840733,4.876820545136854,3.5071535963372256,4.981900541413099,4.768164996159356,4.7598843486436415,3.332395643842041,4.023014393816187,5.2383817053117046,3.0268005594286147,4.975817963388467,4.021155769366861,3.3541052163405434,2.832534611176084,4.955807217616347,4.919763542897768,4.349243805158283,4.394336012193338,4.974383581866307,4.725907798561783,4.003540231213883,4.3025409188964465,4.388777088100151,4.145802673047074,4.675843051382384,5.200482025527199,1.975785497856149,4.638260182129498,4.225686500067234,4.202984468129464
13,4.001988404781,4.330950606379196,4.1735614676779615,3.7698288538956835,4.860507794420447,4.10150919918181,4.927609029544932,4.055954014772151,4.536395763891089,4.940601562455382,3.5510991470924873,3.5315951387524738,4.001207588808299,2.9800805670291854,3.9735795354493657,3.405493502923438,1.7747922803399765,2.746307358866302,2.787596271324632,4.135570138284634,4.894071328210835,4.007961948745984,3.01023028750059,5.362831411302237,3.2990784329591576,3.9714600395288393,4.672119857065111,3.971190150902957,2.0503051324652937,4.133144979582559,0.7971621986400398,3.9319496044640987,3.971579159577347,4.209042276215362
14,4.976516511519844,4.032885451126001,4.991729529445411,3.8036726643325354,4.986223747287198,4.557537445696767,3.6612992773607385,4.6143562423382996,4.534514786042978,4.652330793735076,3.6386709120472616,4.149785407499455,4.984329910457145,4.4174815536462075,3.7341860948762045,4.383380572375177,2.5340185094706174,3.0290142923011363,4.1911671648479984,3.973450747167226,4.785270771799102,4.521137095360328,3.794353415416283,4.970662687590905,4.2446964790611315,4.120563434685191,3.9563034683458467,4.286228725444942,3.8372743598479415,3.44659130449664,2.648069352945541,4.006014759464216,5.199086293946163,4.497055991659294
15,4.9748685561913915,4.762476921042974,5.0056893027422715,4.96997107519542,4.968974237062388,4.877297402826238,3.5704912237233186,5.043833216652581,4.910323538397373,4.8580555810209045,4.33284943119315,3.763725032785894,4.995043967406845,4.00833022905931,3.527057481564179,4.3132087097875225,3.2097175347868028,3.5143943210531408,4.464871102882066,3.6991756015081467,4.251486341107267,4.349302122035418,3.5361229297388013,4.660769144546745,4.049924326046162,4.707605848271973,4.12487020127253,4.979874458229209,3.323572491238916,3.388305882950966,1.8517257372509168,3.5828169081991152,4.1001279823042776,4.572382227352358
16,4.0081819489373025,3.8349188506216314,3.9919455512738056,2.9036022289155654,4.558230385505537,4.235659954865203,3.1243898497410667,4.003010825698455,3.9070791795809656,4.444604119211607,2.765186743378691,3.6534350702390075,4.02768961147189,3.5740960208946104,3.9671065817402202,3.6734012577401645,3.1110489740297878,2.97799028281462,3.8574579415440553,4.582376748321785,4.508348589092201,4.328387536833446,3.824481193337568,4.200430198718406,3.431471800677203,3.373912500995348,3.8982704114011204,3.1642031078463506,3.8774497816993927,4.9748325088950045,3.6815915160765194,4.983319477794565,4.980420136303336,3.998009590711747
17,3.9981935352908184,3.9974417252581764,4.0284922213105,3.5475414483705596,4.920806933253211,4.150108238666661,2.885824578859758,4.141081013440257,4.099245029906383,4.515319347117341,3.0454168459760256,3.504595312639953,3.9887321276221135,3.517617492934393,3.710266439152577,3.4966237619614406,2.3489921584687505,3.948860913102248,3.2752210190066395,3.4100344243246936,4.7110310739704255,3.827671450281824,2.466163314586393,4.016947260082162,4.039659615900133,3.8781078685602868,3.7365775465108895,3.7158897785350504,3.1811140252574592,4.194268919822582,2.638942097606914,3.3169729462907527,4.199706960979353,3.964720247555664
18,4.985545033982252,4.494752904877826,4.986369683285127,3.761167001175006,4.958278541063743,4.589544750827339,2.9215225998262877,4.728743691954927,4.6478968479899265,4.690436272363303,3.920495805999916,4.392219894600879,4.998527740716568,4.991833560143851,3.7826654604510876,4.5389796391310915,2.7380025880674923,3.9072748647654043,4.379146793206685,3.626058166713407,5.002948495262519,4.258920201151261,3.5260833402011067,4.581439956084333,4.971179471290668,4.594647495715927,4.288406036323523,4.535561868441317,4.166912451267482,3.529229753848244,3.094564081674303,3.506676851561528,4.689494164342192,4.276258760884466
19,4.922800118148867,4.989244049941357,4.48629115187627,3.894010207189381,5.34452152881524,5.016455676569784,3.3625708217945114,4.879887942140545,4.970779389371897,5.176562106395545,3.5935312616587627,4.655960493822724,4.875717217055385,4.298947752880714,4.977167866136959,4.0152621941585975,2.8339837025126036,5.115573334804553,3.800968907709505,4.364720438447223,5.000082684847732,4.965233924092996,3.0143590489191867,5.004558909170102,4.979561616241282,4.6074027846668635,5.018137910649688,4.3276362225328855,4.307437321873208,4.871504025409285,2.988461826707176,3.8354997022381605,4.655225899581975,3.5805813067991665
20,4.72703730845897,4.972073660338872,4.470762853265553,3.9893364714859088,4.98912980995166,4.779887063734308,3.898164870411453,4.676593437004962,4.6953075151276105,4.982499504320912,4.0162589756035025,4.074138613202607,4.938313563929703,4.016278208684454,4.069384789591026,4.3188353937431,2.640794119615464,3.529325581955447,4.256170149902532,4.581987107208589,5.185468308307453,4.6178080862595365,3.9967385540137617,4.9766857910392055,4.132932144688832,4.539127232794246,4.40973724620813,4.325392269554336,3.3544411967734695,4.646390267330661,2.9908557344057716,4.731927115819098,4.00225940211635,4.990904654504889
21,3.089435024347823,3.966542211182864,3.1647772691448695,3.242052495881691,3.009575669473767,2.92507991304543,2.415217825557477,3.021599682646298,3.4544205435907607,3.4960291907666186,3.9612753296923158,2.683830370641638,3.007918544138935,3.2642546826566274,1.6552409228924079,3.1944375098384357,1.351382494990163,2.5677038258737004,2.426232067297203,1.9998376650993077,3.002995159310747,2.2812477325412592,1.8587521467017167,3.010713190222562,2.9093462923266626,3.9645691083873897,3.1580330117177247,3.992111159429412,1.005845915521624,2.244323045671468,1.0409539204352596,1.008547382077068,1.244615743330359,3.0261399377104006
22,4.3838479160383494,4.0097757814938895,3.8009336617319454,3.3107841173216452,4.377559100168513,4.168115104018585,3.983958992797253,4.037261067941093,3.999334796741041,4.348538850354427,3.459648982531336,3.804699353252069,4.07057693628848,3.8583415512179084,3.3354573353081607,4.112063375502169,2.0801342416590547,2.8971335642694194,3.003727235497954,3.9094192976438507,4.46210394557283,4.96828847985373,3.40312968619816,4.975362795684076,3.406720660042876,3.6102997772945455,3.8885938931602704,3.6821767442867035,3.142798006049527,3.3465238413959657,2.3627801598591422,4.6367954515653045,4.57366888395631,3.860095522910265
23,3.776985366570675,3.9853986437124034,3.7703196540034587,2.7951191723463684,3.7527893357576234,4.151816986545045,2.008626778596976,3.777218147340016,3.765187748494758,3.761163802702021,3.4396056717640775,3.9618594978762105,4.843480133569669,4.984774758044521,3.0957946904523195,4.069265337936917,2.8334511877909185,3.8908303825414237,4.336416023419024,4.239362859664934,4.46470245183494,3.9112936561020817,3.6557090712603353,3.4293639113229073,3.997374325647734,3.8692665457979114,3.2181306027392766,3.7489139107126714,3.9853637338839576,3.6284232990356298,4.9780145646545755,4.003841242103144,3.0152860232632603,4.986631219115326
24,4.976090593935179,4.996298341654637,4.979262504341803,3.6981243738789966,4.990046073368629,4.998327164173606,3.587286251248478,4.972597330316386,4.896810938263508,5.009350304675979,3.7004034660443486,4.520977951865712,5.3412866862876225,4.154348936868027,4.977733881992623,4.39662227882555,3.421268526661607,3.495144793769295,4.852734558015274,5.29640714161,5.197011664701157,4.73573075600641,4.969582593378128,5.003011371676644,4.487215815311204,4.551880554015625,4.977670127499479,4.278979983297639,4.905083120984352,5.2222310975183674,2.9823956480510416,5.1900878624969895,4.363690737307884,4.468691359560464
25,4.417878720358356,4.9746684123368485,4.0196462520162495,3.6244063634130246,4.75033838237357,4.365659901246786,3.917466540957668,4.315668542569755,4.49380638545359,4.982802295310706,3.9168220704874717,3.972234170342528,4.006708556823671,3.8991018000712616,3.9369355268818094,3.874309292577317,2.2673025392468578,3.721315437288171,3.1427118678532633,4.237072535075972,5.142664324552467,4.475547589550352,3.1130150678446724,4.976624074260362,4.041881954909267,4.351493647944186,4.979608907275162,4.02968421254452,2.8276285677665105,4.338628832977096,2.241436541040464,4.219949149738244,3.8743899088657714,3.5167663497741195
26,4.945268675419521,4.996193378648848,4.69462200921168,4.147670663566359,4.99835561411204,4.991299311999084,3.585799421547709,4.980174996050293,4.8165571380774495,5.014602472352356,4.023953222382085,4.2958549407563735,4.933318376806005,4.527413528640598,4.291477453644792,4.359405127458008,3.25272136886089,4.085617392788127,4.180476283240525,4.50235419439159,5.136463016692146,4.982864578259258,3.8154775790777307,5.001154373082931,4.481610723691797,4.53527494275337,4.968478780562323,4.394359307411561,4.157093000372279,4.147761075234108,2.859228678765899,4.8723329900276084,4.580510592979126,4.001534169675489
27,4.929893945721139,5.011968343563288,5.08138234192797,4.598206869911214,4.986801554279673,4.723405901216041,3.926765713711129,4.82950991493036,4.9129802655833315,5.114151376567326,4.9399868524935915,4.065514295436411,4.921948626830986,5.044792749102776,3.006144120499002,4.865978044893005,2.6364326125172517,3.4042444225664097,4.078222072003922,3.741786646295938,5.179197235683743,4.39420969087474,3.5606823400230843,4.994064518797726,4.282326351607997,4.994076687083003,4.4694811240765375,5.173436611475065,2.864909693333924,3.2116030119254555,2.462167236621876,3.779291930452233,4.136686666079798,5.001041072374759
28,4.945084288434449,5.001764409751283,5.1580927820514075,4.185595317205005,5.2716210629148526,4.807875732632412,3.5430353367793304,4.945485612024893,5.094211015852678,5.197490187894914,4.311107067744204,4.514517129844971,4.978415543698226,4.998176491428955,4.07928746056468,4.569486787009884,2.9886506408672053,4.263872894843763,4.18610970681058,3.967228407934051,5.3416571268676805,4.381540846899859,3.483322527445517,4.995643215531893,4.979449085380831,4.982878597708314,4.979455371550348,4.9765694006735615,3.9732233246725848,3.9314131609095955,2.5122167366439316,3.638031017103172,4.4834182113762715,4.4801359345440215
29,4.992464726581868,4.976985983508051,4.79393251821874,3.9936498918528955,4.99436791658955,4.783145648925565,3.618150202371833,4.815106707964573,4.769754703340297,4.972656109366539,4.424942302357683,4.39906825206349,4.999917345961236,4.9926354825369215,3.6225030833821403,4.97730861093945,2.763766229646772,3.7241399061263962,4.220709079215373,3.958872680118124,5.254195326377405,4.815160484202749,3.9678733569569475,4.993252684574147,4.593061096532629,4.804463172822001,4.467555066211108,4.746489603535168,3.8442271413282336,3.8924188181050488,3.1032326807547026,4.4236116672326675,4.458682034115636,4.881659085020206
30,3.9703143058324315,3.9080028615202687,4.974805747108721,4.122673056610384,4.9816960843043665,3.6991870604762154,3.274949748192083,4.051120263386567,4.555926208172736,4.967242251962493,3.8694078130041656,3.3952814130566225,3.0468753074515416,3.9938476449316584,2.5108647924873595,3.698773842214711,3.1249179969672505,3.134094801573658,3.0141467614382464,3.0465490715732715,4.004756717616349,3.007998169478439,2.2249398695316818,4.002597040668296,3.553637910581197,4.302058173751705,4.009864783385618,4.956216809842797,2.4398397571850308,3.273386478397142,0.9871570821559031,1.4662427184097095,4.3937227094044315,3.7044061934216748
31,4.52828910434642,4.582481419496194,5.000875521422416,4.306223675127529,4.938884683044237,4.667511553287065,3.4793313415867217,4.7639569763625875,4.958245829870516,4.826420791699611,4.02719350212109,4.111876057982115,4.970515317391459,4.309581193569555,3.8791281712140053,4.362838851425066,3.3561930341097925,3.7816290612870573,4.3555808651588945,3.8268148599445446,4.41130635127607,4.100574564849699,3.7162587482016276,4.60609118813704,4.259492895357323,4.697984288531202,4.292640308928741,4.988429744172116,3.991214790773788,3.8720552678674696,2.0048275825058943,3.4192971478744583,4.001982440319596,4.992715378097283
32,4.5264777112938805,4.303994081552717,4.978179320842564,4.95831546872187,4.684490628833467,4.7966806062520275,2.9858153696065597,4.903011982040896,4.643888323644215,4.52924326365662,4.048100686525309,3.4026984022131748,4.989551641403435,4.07382967112974,3.2499027041580533,3.9971473715967805,3.6752870796373953,3.5146544578839296,4.594758528762731,3.6962967208981197,4.00103191027159,3.9854918811585067,3.3905775181591826,4.0228525644892335,3.738779347600066,4.360087603074503,3.767882440442524,4.755152491331687,3.5089148925028484,3.061423469865619,2.26890132204664,3.5911499983579427,3.970758653572978,4.6134437577429805
33,4.993225605401917,5.0188438360131356,5.0016829100633995,4.619000341019405,5.3871999829827555,4.986262055525389,4.948851333349887,4.983510957391231,5.102346808956143,5.422645610755207,4.447662654139937,4.114564316159204,5.000119513754619,4.215211186192493,3.9664570754914585,4.56362741658777,2.7394179247893984,3.202057432463934,4.002872316960141,4.6262410295013865,5.441821297080099,4.993063419619148,4.000442864358142,5.767104362341727,3.952231143068201,4.677742052255188,4.876014559127119,4.810692387582778,3.0432907284006907,4.096323919510048,1.9857619701286073,5.020067931844766,4.76323351652479,5.19734915707423
34,4.3431664705621955,4.500932279856858,4.9997836750572215,4.757373576509169,4.700264334026144,4.830209264901683,4.041551985151525,4.628238933608423,4.957033014468333,4.979455515974312,4.246775301787788,3.69246965174799,4.974689369653794,3.835411187823839,3.5328906152843924,3.99984059817534,3.617578671548744,3.0207582530914365,4.365294613032251,4.836476473154772,3.8575124200333373,4.165176971011703,3.9358153546819565,4.616757471089948,3.052066805703687,4.423612856707649,4.090550574478317,4.982243564699977,3.088235158128468,4.141082996202837,2.1661644406073166,3.685712078347558,3.7421505402977164,5.076897519445546
35,4.906103434938949,4.622080822039573,4.996401167662879,3.30361679664408,5.1022213466213024,4.544744597881548,2.806478178974046,4.437188761337222,4.912555509199329,4.999003105587422,4.0058500602063924,4.984553150632903,4.997686581751828,4.988514550781949,4.028507570586417,4.96109735420159,2.4530509871313564,4.210850567889661,4.093993690234895,3.5937428904004305,4.301961992234675,4.230423118137242,3.5824176574909172,4.484766600851544,4.99566224280981,4.990278954411062,4.00801654469006,5.003693395821877,4.47269930467072,4.977316688632808,3.4072099677816743,2.0256009749921398,4.466731697728885,4.433949687027336
36,4.6134711840542435,3.998809946080246,4.978004389782042,3.697418520975136,4.3579582723603005,3.998401509986991,4.288107916989466,4.334244875441638,4.2749710505261715,4.328025039844361,3.875279990031552,3.505362387306583,4.60064740092961,3.579557271380338,3.1120963119985743,4.4918567398113955,2.4393959294992364,1.0223685387040693,4.249829976950235,3.9342663995626026,4.561593550536507,3.888311971978082,4.977862385743015,4.966987254609787,3.2704666948996968,4.01368296227598,3.8198331766274736,4.280429012867804,3.2367164770731303,3.119700495809752,1.0099218559901053,4.566471484834332,4.20124500400092,4.992858684386749
37,4.9974471447754505,5.118170499671713,5.003164645734859,4.707451011802338,4.891799741715659,4.850382757936924,3.7808375568767647,4.979489618303431,4.8743362182870875,4.997248558211741,4.952192910432487,4.007069917782707,5.070821652318318,4.97077287640904,3.06348017593872,4.989221581344163,2.8967304370862808,3.413469190778403,4.347747842089153,3.7006394722118117,5.0836103326414275,4.571995050592232,3.847601470391084,4.906454396953302,4.282430069158029,5.000548582351,4.410808322096566,5.125056902782962,3.1603949532299214,3.2108890839360043,2.55734523245705,4.241837535419454,4.055600098111038,5.092707379604424
38,4.176876210641484,3.7396376189412375,4.952529837821785,3.6560234686039017,4.965069182314431,4.003790043638741,2.9319474774000787,4.246809756059589,4.2163996355988775,4.634458605541848,3.2573821401059955,3.451748755752881,4.007953427312184,3.9738563914954206,3.364983275076772,3.568729165835433,2.737673955063343,3.011650681007583,3.683397900398754,3.7481713987336254,4.99253331849955,3.2631534193668092,2.998420152915812,4.013099693913822,4.001532854431819,3.917805663663594,3.979999059368624,4.013993775767099,3.2987328106684903,3.6353847075473373,2.221059291063317,3.1112568533434115,4.639886663597968,3.886689453676288
39,4.813888703322881,4.947403004604858,5.008319740693732,4.276385763827021,5.243997804017725,4.759646687539219,3.12568234640921,4.966640445548362,4.990339187851639,4.996322984926515,4.019693206339435,4.223955321804585,5.002943726933942,4.34346539847302,4.25876360440979,4.310502151229683,2.9737956922374162,4.310854597421539,4.381450868788454,3.579262403833304,5.0079398116956115,4.010750999148778,3.3790881772856913,4.574376921077139,4.986527197201368,4.956001067736793,4.637746785472317,4.82003019307876,4.0010719316917776,4.215488525547791,2.251033966048223,3.29982992813085,4.07203807159771,4.486816226683107
40,4.973576007117675,4.574992781023178,5.198473489108889,4.9768572528646065,4.424102281056099,4.645858638034786,3.9865952840272674,4.964051988891693,4.496560955943028,4.497854202199091,4.9938946914881,3.343509699988659,5.01421686810242,4.71284322142634,2.0499557699531845,5.21369703554807,3.5399019123233724,1.7259623595085183,5.001642646559748,3.8620011234043,4.668687956120051,4.51287069651408,4.9608420714678685,4.717306744895268,3.277884880846982,4.52178597149744,3.573172803227631,5.091391130985678,3.0665463146583507,2.1322961060877423,2.1985415240434474,5.31783001136694,4.12157542159565,5.97316098447274
41,4.5919941384882135,4.586180799702192,4.799470557522056,4.9627529850996455,4.992641957011635,4.982156406630675,3.3049745616034802,4.976403608130459,4.907626935749241,4.8342088128585035,3.8960160520060874,3.652841237004025,4.993470007674685,3.7343397899829434,3.9858184418396974,3.7692230910690063,3.4967959108928914,4.145935600311333,4.352640538400165,3.7922773411590267,4.008231864136347,4.219192928290465,3.008795160128259,4.386803254552722,3.9830249072609973,4.478220578855762,4.215859470262363,4.693083761440616,3.4577947755166303,3.8094299787646193,2.104531087607994,3.449953455694035,4.124258101665595,4.299432106956533
42,4.0290419996217,4.347707054195031,4.179321178015639,3.990028222911605,5.008625749140917,4.341172827231753,2.9107328078978907,4.456200386485134,4.463285076868138,4.644251344314041,3.449956589123122,3.7623088730147596,4.127368080422797,4.182126461141021,3.833050958220129,3.606119361225608,2.633380684828624,4.95883564538672,3.034695550867805,3.003135644843497,4.98258725721292,3.985742522956382,1.9304357235909466,4.226998350427943,4.620151378493902,4.28783488411185,4.441730529004072,4.23119824958156,3.4796394831058617,3.3874921895416645,2.013641503653286,3.0995755798767943,3.9910442428797577,3.732141714132535
43,4.284186978056109,4.2712623203898215,4.283877924225248,3.4279193770723593,4.009926576806849,4.328423388789259,2.8912730692084745,4.182623001279664,4.102963420896005,4.118444644898127,3.9779577988116497,3.9140744913454086,4.971995585849503,4.978449284072283,3.1502318851095126,4.2232363849127035,2.4632856833730052,3.363636313029889,4.098090971191108,3.912939690887473,4.794882065849525,4.094873618093837,3.59308600436285,4.212215845408719,4.10063050279548,4.124741808252797,3.9854598642383268,4.016508314531367,3.4492392531693232,2.9492496155750345,3.6068700048702333,4.1722318345180485,3.5932891686167854,4.39262180612734
44,4.2284857578946955,4.119849006658113,4.108697765947321,3.6798365609518564,4.9790011922466,3.991491593721065,3.99553728411763,4.073170147082081,4.300366274638382,4.7552903186999504,3.577099355977117,3.654177135174804,3.74569175966537,3.8518771949428454,3.367654143887101,3.6806638222822454,1.5777523727501293,3.5822472061448782,2.5323702779140356,3.0037159183243105,4.997051822070754,4.071785140626087,2.0252305496816088,4.950575515922676,4.045100759829397,4.013653806952429,4.31363495462566,3.989849869013721,2.219352937184998,3.20650800119418,1.5356716406753508,3.1574178139542375,4.592007298056992,3.6659288476581144
45,4.628339101559345,4.508447385237198,4.565207279512997,4.031818702457498,4.964836057913321,4.983063577700475,2.033625572224388,4.949486359208623,4.661012175334863,4.571705877080851,3.064298899925216,4.136523215639108,5.082082765976164,3.8937181607596862,4.965432022635982,3.565437451983265,3.6077886728916893,5.131122581381959,4.510542468779315,3.9124323084374257,4.212479305606406,4.23530143351668,3.017236293224816,3.84874928557356,4.906747439143871,4.3189333852026195,4.395742259117822,4.038550876730115,4.9978328838371056,4.660640067383684,3.172845649251729,3.3991688768706156,4.277160359299086,3.264089879276132
46,5.193043245170731,4.933186201020867,4.979073566614133,4.076805020343145,5.211116399156524,4.999271495756725,3.452978124961432,5.037673587617908,4.971923340607202,5.007702559123367,4.222390680004348,4.669571732747152,5.30175633748576,5.067384574862205,4.1046427637514675,4.986148039114364,3.017919541111218,4.227113210186341,4.477105613064777,3.913622547631623,5.108460478913293,4.986224361032024,3.924857446163195,5.061828716328567,4.979653373794905,4.866071333799635,4.53662656408874,4.8436096817226035,4.48079353856521,4.010158182471118,3.152339607019667,4.252283804454193,4.841550612319147,4.827305529575495
47,4.749555503089875,4.913555917243828,4.480805854065373,4.16771326131577,4.874655112448487,4.976650930180171,3.6209666725175254,4.756272468199867,4.716993488348133,4.972903215116789,4.067434966140027,4.184538027875177,4.996464979280151,4.303522776495552,4.0234927577709225,4.298925530150948,2.9914100321459944,3.9847993329840365,4.0481766484149215,4.82959085228692,4.858027563618704,4.976724749004111,3.8018038832712415,4.813385363012829,4.00365163414503,4.476013001730166,4.422713065078646,4.447022294571734,3.7518061281230004,4.433759466294013,3.226882923046488,4.572114262581342,4.012747317565664,4.431396554431665
48,4.608290219804644,4.447701923734903,4.4840460859708395,3.7046965325800754,4.526493630607768,4.9442173668364395,2.3812804150004685,4.6721137188988955,4.519797268832528,4.4509625889767435,3.441032550835331,4.35022273064251,5.273722719557542,4.4531674072785545,4.363075040378289,4.096104812121471,3.602574128235906,4.434912750951442,4.61861340917493,4.669825200140855,4.119574046716722,4.663552195489262,3.8841010655916985,4.018880723773721,4.318811492582231,4.226632569205117,4.020914301919071,4.184949876639131,4.978292264489071,4.522052815158389,3.9912957239555906,4.006777908535192,4.009685146837942,4.004738222278719
49,4.799136769079218,4.585552973862354,4.698631841072285,4.433483325358176,5.048222468766975,4.952211948344653,3.876869018153334,4.7966260720756,4.628436901192295,4.960626610899228,4.098754111762565,3.791702995289307,4.993443777315268,4.4494234780982485,3.5464294853624825,4.2658443969549715,3.0193875257686895,3.444731068899383,4.424549560179194,4.368440541765248,5.042711867513144,4.7489286317480826,3.5703343341124727,4.9233558388456276,3.9073598330801236,4.250928788658393,4.212791201437082,4.265289590584058,3.02264564252062,3.8249306780273735,3.528498852331928,4.993003013515411,4.984714088656358,4.995171618289853
50,4.3881263091723595,4.748129306643769,5.247683636785032,4.019720165529107,5.081854293530348,4.455538867737235,3.1023311536638793,4.6520734065986336,4.9824339139641305,4.985608201750752,3.9499288426979473,4.076495934394554,4.9794254055231475,4.422352801816137,4.286079463504906,3.7480056673179525,2.6927118598854256,4.031001882861053,4.3168595140203445,3.7855040955432453,5.307427693414577,3.0400630672044695,3.0907777048380276,4.395394486552308,4.976349165975732,4.909211092428921,4.975018914179505,4.699044059277225,3.441619124851737,4.134647660813858,2.078517796437187,2.646403941117719,3.636656874322311,4.343686443373829
51,4.326356113729346,3.869966370190476,4.2066547067595454,3.526772191482846,4.3049636586239615,4.268606510039081,2.6515389709968624,4.1823955960694725,4.0203405689200205,3.9646418679062596,3.420628567343636,3.7212183456143273,4.965956357903929,4.0070630977621455,3.317405863634156,4.130332086409869,2.2064661625309943,3.3011782663075437,4.114621881578906,3.3673060344150705,4.1188861498111144,3.991963190815815,3.4529269337708492,3.9297027086998937,3.9793267994660697,3.982939030962614,3.0319240682028736,3.9876279493563938,3.6371478574848064,3.4194963587476543,3.133022209773024,3.3703934582826203,3.686203743797432,4.705248108777224
52,3.9415183965158094,4.127892742004246,3.908670026105736,2.854820492459892,4.818143589920566,3.9173094190829687,3.4269141672476375,3.8201111644115677,3.9970213125213347,4.949234461820198,2.8316749246509074,3.590114294413212,3.0149046361874543,3.366574428174168,4.09577920263374,2.950886783054773,2.439091920543806,3.3584138654867326,2.6112496726344148,4.537741237898483,5.032914705540907,3.9409074631245566,2.532644667898732,4.459102445434149,3.6294759190395647,3.46282992525145,4.96547485379414,3.0357262782335686,2.8031349346067644,4.9936264598769995,2.6279468778400847,3.9993448967451313,4.987287241803245,2.182365740045164
53,4.772897805831636,4.976732432483563,5.031620900659407,4.279616214096144,5.004821485997401,4.657489503252259,3.6814017531495384,4.832401545093119,4.938227676719816,4.989655903131492,4.389974048060447,4.132560139190915,4.999320583926639,4.365792250858006,3.7771509248657535,4.6386773193476225,2.816854544499518,3.4492512516512264,4.306607021679415,3.8776453733974092,4.999017299549072,4.136624741152815,3.9886198520333602,4.811220544710264,4.422896630935072,4.955676757672125,4.491274980244839,4.988864928122573,3.6307134203715874,4.028991901736412,2.0065712566057323,3.718552503816829,3.7823915033920836,4.996169559616859
54,5.127528170090837,4.812461561548725,4.9700335473214805,3.7434995560078854,5.0281742758842585,4.876133552276252,3.4172825012028363,4.772553914565555,4.982306762362942,5.004863407761804,4.225982912685687,4.949850056948221,5.20544832815036,5.3032140160317445,4.003436643210712,4.997477063332621,3.018958813584959,4.208853759874694,4.326478250368813,4.322365597124836,4.778398818504298,4.993215373316976,3.994759254341567,5.03187047233732,4.806995937721072,4.8305042218709175,4.440823468870163,4.979636160455886,4.574599260628443,4.150361878310952,3.430167285087231,3.707404065035574,4.674293111051442,4.678652404653619
55,3.262417426326112,3.4796954209410944,2.9536303389526806,2.072893081734406,3.7689235945812,3.4654718185151134,2.7788403892778746,2.988635767590343,3.066310332283456,3.986431536010655,2.637798022743652,3.3429565706692994,3.1352575052108738,3.7228053029425703,3.0044903519532693,2.839449043938524,1.4473755025367825,3.1659094973691313,2.0298960096119614,4.980041029592758,4.98469922096511,3.9869171872134883,2.505689382668695,3.7079540998659333,2.903157954859468,2.843185927614244,3.5897372026358023,2.520910746063,2.4793279047441645,3.998324507789134,3.9844906540521166,4.081153601007129,3.3291787636332137,2.7209983120562873
56,4.781190850374088,4.751874333034782,4.604654033674153,3.4285680422608067,5.087169296800813,4.822975657494416,3.3154477232292106,4.536901257356078,4.9310915001239595,5.114363333577364,3.659300945175094,4.948791550348431,4.870325269686308,4.990484244257999,4.680077246685629,4.029031636897577,2.878641533458452,4.985584367605044,3.8325634108121083,4.874556761931699,5.003113876201578,4.785040071146697,3.120463745293,4.979360003095371,4.900668879109541,4.517791613411898,4.99298781164314,4.41696992945342,4.301282603858287,4.653877170595222,3.674921567865644,3.4968788465112595,4.604858046519081,3.7133557395873424
57,2.589114327926924,3.7516434681330275,2.708591114534766,1.9906757443754508,3.4159388961810624,3.0788010499583027,2.551824114792323,2.80009115179696,2.9523345654548354,3.6594010491398117,2.2745612004268287,2.670107890322178,3.233530100259554,2.013979882331728,3.6405798342965934,2.0447839720728167,1.0352210828623218,2.517523298552084,2.323360710300375,4.986986461258922,4.962061713721319,2.5464125279088856,2.997859430354055,3.071503487419873,2.656533464090786,3.0177912289472117,3.53810840642292,2.256988516157338,2.0770932123883927,4.972623214996298,2.48007840960887,3.623210318080483,1.0243190765302865,3.0651456281424796
58,3.848493267129237,4.098826337644689,4.009595691354664,3.029612131393276,3.794626385350316,4.229256317342122,2.686365724078248,3.9525725884494793,3.8525808780669752,3.941110493523751,3.6106406452099344,3.87332729177371,4.821502292622066,4.967629084753507,3.1262040821900956,4.058279462390053,3.0183131734711743,3.38934379287313,4.201510775470442,4.984255317855936,5.0416411387252165,4.181996429787777,4.175842153336948,3.8853541561041927,3.6854180632006437,3.802398500839365,3.710197697087789,3.803668190149189,3.98933422577603,3.3219026996252787,4.313824824597791,4.98824064716137,3.018957562147973,4.992138006659293
59,4.626856282127548,4.586557981582044,4.19654965568487,3.0356099654517834,4.774358096596321,4.706198279385792,2.840191401944747,4.410953649501491,4.265989755808804,4.640603727326772,3.7037503317112246,4.459364181231782,4.935991738336372,4.989822900704852,3.8296797866451278,4.9739974104348,2.9130538336111997,3.8976285626018248,4.422101705796041,4.020561432755247,4.999214775746681,4.948308132051366,4.135968901831567,4.428908088632257,4.51941840579124,4.287714662686179,3.8919070446822874,3.9076809749374495,4.460118705969284,4.97122376610559,4.9830422375533265,4.989416495244236,4.936522154300958,5.000465112615085
60,3.7407842447352913,3.23788094539579,3.8101533126527953,2.92303797106806,4.100426886576899,3.7402140196156366,2.87386933572938,3.4049661294099605,3.4583528060965048,3.97238140496613,3.4130478494057237,3.2967271297195113,3.8600833464814723,4.983316251804172,1.906085150680861,3.834010446379916,2.285362184831496,2.79688532327707,3.7262629889636805,3.4805111906482926,4.548687720262436,3.7365717067051682,2.574147287785103,3.842326093997463,3.3378091381644865,3.235626200089647,2.8714072398516777,3.348975488650528,2.028282694949448,2.6919140281854443,4.978636599010289,4.002132843799944,4.972275441245041,4.981048988181286
61,2.8562005245109603,2.4724737735713997,3.0393516374627976,1.8246109807717212,2.8118438190549715,2.6262775925853954,1.268386142374083,2.4886238847304454,2.5231055152387003,2.752187752164759,2.818715466538768,2.9619683552065084,3.067606651977997,4.963040665564478,1.1966515793653707,3.054590991298514,1.330011501601542,2.9406478724674705,2.4212327092908503,2.4020599151792874,3.9811053439666293,2.5668050946451544,1.5152846872161885,2.5326588613838448,3.384965961270349,2.7500658647052485,2.4081169924158674,2.8067163552056877,2.1659198779362057,1.014807163249467,3.9812393237105486,2.0167850459986463,2.9876615821472092,3.0029119906152664
62,4.435877077768032,3.8660068907708585,4.330814565800576,2.8754168095824286,4.375290805393536,4.553851975905198,2.4419631998622675,4.244120917148411,4.018276374101533,4.25245139531696,3.0783811024513557,4.3107580078788335,4.7559834052119205,4.9896709280653555,3.8120936994490333,4.194865870834278,3.588332202258113,3.7313803797810157,4.49039090369156,4.989467808461817,4.626809576997313,4.790775373725653,4.160258733000024,4.074845505308484,4.075574614187038,3.6005676908904247,3.801633937764109,3.5842538943926554,4.9791337278438705,4.17675137922412,4.987882010111991,4.995522232388604,4.990462655550266,4.192874919741974
63,4.353239359707116,4.241189752176288,4.381834278324772,3.668482114719312,4.179770421693215,4.098189811339232,3.5311680469938516,4.390165852030886,4.073470688279484,4.080923820629165,4.229406752637306,3.7077891801010883,4.515851605693374,4.965201379397833,2.566108894629449,4.971555884299329,2.600509782446292,2.7038589753567805,3.701604327649864,2.9714007815816648,5.12930979528093,4.463847653148882,4.023944325340642,4.650827412972685,4.005440219676532,4.198069059323918,3.9529365572651756,4.369593499244018,3.685158317563312,2.0023474342170413,2.0231214745201993,4.9789584440315355,4.005831858975485,4.999869301453138
64,4.588162295610996,3.531770995916592,3.9214020382279298,3.475416936759041,3.9036044357161535,3.8666695491586527,3.218903919347099,4.147349692066172,3.6091613601130965,3.5873285688296983,3.8115147619922793,3.5643902347606256,4.017178857352354,4.771384951346682,1.9729787387365652,4.9615795145692765,2.266524030109653,2.501274660166227,3.207334296698784,2.0127172671651787,3.998368792009789,4.965207827812678,3.348902693958768,4.5294104289075285,3.7060156839508425,3.5811856355975946,3.1150779451856647,3.9733345035096823,3.57493746542559,1.0279701387807378,2.0069213355511577,4.458420449562616,4.987659275009218,4.002114283402263
65,2.3847757114594943,2.263380290689079,2.6309208667060258,2.5124461880172704,2.536454797542311,2.6243674893380513,1.7201624726230125,2.824352447257077,2.319420325788665,2.312356097134304,2.123986211183681,1.7901234244543638,2.531289564402673,2.9322958577549234,1.5071896737031776,2.555474607200793,2.9683889767771374,1.841707881032546,2.8574645101674068,2.010609330411048,2.9833197166311676,2.6312751130129084,2.376053272188376,2.3771139947237163,2.1637018916795423,2.083269326037107,2.3340011834890593,2.300388427851764,2.5534161022505595,1.0126483629178253,1.8245984171868577,3.9844305571957905,2.9978691609506622,3.155609313855432
66,2.9884407491400333,3.159247275330004,3.5475883704373126,3.111375424906271,3.2956216352292484,3.665898732674246,2.4486712015162806,3.3303792863122466,3.4537441546463805,3.555519383902454,2.6210284512922053,2.764502065646061,3.5466019316591213,3.1248453365084283,2.791675130318234,2.5635598499292893,3.9701492565439005,2.4910636047184944,4.001953944427075,4.969907119469249,3.0065141241222446,3.187289194291857,3.468705237218642,2.9952580679933547,2.0521097639266426,2.800522546877002,3.022727560719126,3.2197148040246644,3.0084884516348476,3.5633312315373806,3.2948903877654723,3.92879626663691,2.957836815593703,3.9864058918248553
67,3.5366701158710923,2.889801296785574,3.126424540080896,2.4393308006380123,3.8837917567557745,3.1072989910864064,3.2360828323936843,3.269392222727152,2.758335881441952,3.3724858373614124,2.7148711484114925,2.603020272588843,3.148836236830501,3.613763214578697,2.03615748770834,3.714499405545021,1.0193751929746224,1.726416643055515,2.5118633172429807,2.0161397975785293,4.985489939821004,3.781511416618616,2.564140511474236,4.088962681069141,3.2354426248333796,2.6705962814795803,2.8962612754691306,2.3657674342903445,2.009796224389553,1.9265961327862164,2.522001028054242,4.975453156625339,4.965330404017734,3.991215265633291
68,2.2902072144009082,2.5013650747146534,1.980565106146941,0.8377321433517422,2.381986083426736,2.355815665819614,2.0131843509902128,1.8485919719860417,2.044930934579314,2.859453083767284,1.1670955205559197,2.2560094162061217,2.1098160189202035,0.9991957656626683,3.1747458606632484,1.3073047139725174,1.0123218815090333,1.0178280014615564,1.842892389432952,4.971932763677624,2.7909053119845764,2.453192021263935,2.941180078628972,2.455368862265531,1.282240023432422,1.6515390076979797,2.62460259851627,1.0666518465785486,1.9028985084128185,4.9633610519286036,2.6771085768553986,2.9928632803433914,1.9004105928743498,1.0123292922449016
69,3.7143625289742106,3.8740462953406296,3.8227224096282257,3.4446946721399376,4.016720367730312,4.4397928092716015,1.5613778213724845,4.111636478101047,4.109087354078525,4.179862767641645,2.522150240308167,3.713641129907713,3.684552463594285,3.7677329644075996,4.202723627877463,2.5308568089090637,4.9615082590086494,4.9651152409408805,3.9919433207537747,4.982800026500513,2.9997722773664135,4.002625245154215,2.590394809983826,3.0603419133733185,3.497449215551114,3.3461324960068524,4.265764876761607,3.5180217644292497,4.6565342070148406,4.403674741254205,3.8007051685111564,3.3037225983289824,3.918534637940562,2.024932785684887
70,4.060492019738761,4.493521845647826,3.852743494698433,3.3514387430866766,4.207145332575582,4.537457207660603,2.2949819302250782,4.262826701146319,4.213450650115543,4.05719638388686,3.2174999732757046,3.8380177940857907,5.182160027056929,3.6065435856410035,4.283109341926631,3.7934061848280503,3.015570994563667,3.978530747608198,4.955294531660934,4.013452070262057,4.004464788176592,3.794492672506384,3.8820289246326327,3.6460733583231972,4.1871996535875,4.185300607950767,3.5308950198869287,3.74195732954244,4.046208710533646,4.973621827148022,3.998265658870373,3.9901104622724852,3.0133609251225977,4.995142662998245
71,4.260293946069549,4.04808946360931,4.169007724513222,3.105461084909538,4.451053472592703,3.9440205728202153,2.3643313841007982,4.138819266807643,4.044903102514152,4.01669591475857,3.3455464284873013,3.9526345754566012,4.458945285492806,4.52625692555257,3.50781611365271,4.028763888226517,2.000665774478487,3.9988457469336574,3.70599994750831,2.628325223872464,4.851809124920573,3.610682845520397,2.7480043731528445,3.995130858429243,4.94392709404781,4.184381761999749,3.836973002380277,3.9032735558603053,3.766718473514311,3.003461141623534,2.7148978817006832,3.000019526131033,3.8788561064494256,3.995113038942798
72,2.4767248725112876,2.94224153230817,2.8885749911567387,2.3512130341993873,3.2750991322229335,3.2714034431754193,1.7219616692015949,2.9329154647237368,3.204759741876922,3.473645951914826,1.7013424464740008,2.7047813732756913,2.5461690300071247,2.0069401821547967,3.49879588111197,2.082281569930077,3.955824242403728,3.000643568400314,3.0186596191936648,3.9995124513562748,2.0041150194612216,2.891770509858836,2.6716910211969167,2.409831533854648,2.032108031922027,2.5137892680638436,3.0922032304249893,2.6346881505655455,3.533340104226427,4.963162982455781,2.558694951557083,2.74326414866125,3.1142321616496123,2.2736423119611477
73,1.3416189459954477,1.8397420821143766,1.2138484570279173,1.1163418313685793,1.5182904024219162,1.7137223088308453,0.8851671594941445,1.5092261067561463,1.2262246933402174,1.5324937079431857,1.5619365310267932,1.2758220199854435,1.9263615419907278,2.34437362509646,0.9109903023857148,1.6014145699926685,0.9871335273994901,1.6084409515222973,1.760606877207092,2.01423118678414,2.976191171761512,1.6405519236040913,1.43405254584297,1.3691904150360827,1.62140005081289,1.4625888897749948,1.436422231469433,1.0885741345068478,1.0087823360493045,1.30030849239058,2.97683560304965,2.9895791440718607,1.016762059609469,2.540266335829846
74,3.3826416447750125,3.5191332273364146,2.894054353387906,2.234377925892458,3.291693245404713,3.4176851994118578,2.9900837662687607,3.0699440389909314,2.8570680023036474,3.4583444280588123,2.699463163446979,2.8704406845169195,3.7816867333566524,3.102657399250737,2.9370481286754595,2.759563687110987,1.031853684965091,1.993395430383309,2.982703562897584,4.971632836866247,4.9946648284084105,3.6075598188415134,3.4248017514487232,3.735591318370945,2.696614918675617,2.7593479882194663,3.222672928375956,2.213784481512146,2.0087229738063335,3.4535976573353224,3.645948932364805,4.9787330488107155,2.5497242232247372,3.5726086264375865
75,4.200936882701518,3.729930001385989,4.037854713054731,2.8496083887204073,3.860238535165559,4.441686846766679,1.9224345031189483,4.124357123838297,3.7667690123985142,3.7882034296240965,2.77818263068545,3.914807936559872,4.747178738705643,4.358558496667309,3.8093425030834864,3.7538258180651627,3.99482360503251,3.424045960325767,4.979612280816919,4.993150584669694,3.885562842396305,4.373902798560881,4.3765503796600544,3.5005185596998247,3.700087597187822,3.3433411993188056,3.4483314020155342,3.2646339573198198,4.98051747943598,4.181251309722415,4.984542440857126,4.993063385602208,4.3085119756961445,4.006586454827378
76,3.178334586801281,2.8303115918916877,3.7767009582061952,3.341272471734902,3.4804138573143355,3.5833567430752042,2.267972259957805,3.5934772399423998,3.4108084842416018,3.212083025084567,2.859921332780659,2.731276224828913,3.7631245866623098,3.9623792685127603,2.0759249560298505,3.4814056320570064,3.970497873134656,2.5631140851103362,4.24602619873536,2.903047296614114,3.1128744779209936,3.266152231568847,3.1909356642998925,3.069973718772397,2.770817975883797,2.967829381016435,2.5486919095250737,3.5520111895611977,3.3585935102278137,2.0121495072126447,2.9952155502356357,3.999891598774049,3.988674709178435,4.976692322090871
77,3.711365326465703,3.175885028761044,4.036142562841022,2.8158453206642027,3.2190421136467906,3.6411614485398345,2.6467226961673758,3.4899803222300405,3.221007042544704,3.3118089404553084,3.0010561038648755,2.859615843514744,4.407194761789327,3.6610908838230705,2.4248481321270323,3.3771662042355732,2.9986222916549243,1.030228258929113,4.966279217748632,4.978303569250314,3.991032951408504,3.1744717762126737,4.796665301898156,3.3793387125033276,2.4874469946470508,2.9276126708837524,2.653838732333468,3.0274850318940505,2.9389055791367205,3.006216574664128,3.990505201472127,5.000495588726219,3.2937663950465303,4.990113575560968
78,2.7072349970560854,2.536712684582586,2.8266157622582324,1.7605167376373716,3.0128974131077824,2.448343554314325,1.901061356193653,2.7420926190645116,2.468955061089777,2.630909583277212,1.9747030952182671,2.502271324157449,2.8425489227105576,2.7089584470443735,2.487913570679631,2.8065810803722133,1.0093103208767453,2.004173279584296,1.9681712700379486,2.005996901137147,3.969418209115777,2.5420056698960716,2.4416644385003066,2.8540541399190777,3.109356649022341,2.5696091143276676,2.6899785895100656,2.3150269618140418,2.97061363374083,2.0544275438447985,1.0096938963451936,2.881211201165474,2.5385453448850157,2.615115822506792
79,3.9406565416386306,3.9553986692959855,4.4973706607964425,3.8611781819182713,4.08073033025842,4.255081928610662,2.7120897297937727,4.123045144574093,4.142765272863577,4.223123012995978,3.4191999699764297,3.223144731229445,4.387682458284236,3.864620144304173,3.1629462133135444,3.155649124731421,3.975862647701999,2.8392673828429342,4.9650648565718996,4.982774244930526,3.987230562867518,3.2624745098043895,3.7534126292096017,3.5819499704285516,3.156348949012533,3.698303369566041,3.687299476246226,3.9040345889885932,3.0197531672750353,3.7131434977119553,3.5994548496812047,4.007881857772943,3.5394178611174683,4.5490756620062145
80,3.6735351539110797,2.541925795609659,4.094916483859897,3.289649164761677,3.2096022239955944,3.5040852747377333,2.1326358483188352,4.06150625484089,3.2745883391757884,2.7110239711128425,2.272737813917727,2.469120540275078,3.658572300078319,2.7956535225882244,2.6420856417857586,3.840015150231401,4.967412213143822,1.0269610680841288,4.973861602467952,2.020962090244376,2.003210357469479,3.4591253306993366,4.7088216762016675,3.1092810850732913,2.5931435226098745,2.6206214678989816,2.6033133443824914,3.2013344387799494,4.973345114487196,1.915057996484043,1.0184095438937746,4.979507861913385,4.983616734853399,4.000718252103826
81,4.160344746563205,3.1927954921911934,4.371019664205948,2.5257331657214555,4.429454412764139,3.966721642194579,1.902727335523554,3.805649378180184,4.034441456755465,4.135715851236462,2.334988602038163,4.323855544197642,3.9904925600785877,4.091979633579308,4.115231380275085,3.436359729294969,3.0091301660573926,3.990159977496682,3.4878065069992035,3.978339824056108,3.3257468494075026,3.897289228331215,2.875973467036916,3.6127931649092004,4.141725839794888,3.4436959752014378,3.555254771212753,3.6501400104821347,4.965729294720796,4.306845438863465,3.2816625058563926,2.0272617115689755,4.972425143804846,2.537309584237366
82,3.9517560505216873,4.143868415727137,3.7691081511944367,3.3082343511874726,4.41710853702075,3.9892133290284497,2.801284064495368,4.026640772419559,3.913164451203433,4.17767932603528,3.449165590127395,3.6338875444680956,4.068277237108759,4.234950648408397,3.248776783044009,3.869765949150271,2.0000181250304867,3.9843414159860506,3.0301854839402407,3.0102185152257332,4.979572675190553,3.9856361572624777,2.5166752533412504,4.076845066592726,4.2582274069181105,3.9848625534665785,3.8909409506550094,3.761088579333993,3.201163468512729,3.158497953286276,2.64054522384879,3.617296401219342,3.6488372371207975,3.8957667585852915
83,3.866469304175297,4.246187284170594,3.550632143632022,3.3196326509970233,4.430103487862609,4.599133853599434,2.455434667716192,4.200024683879828,3.993331275980035,4.1814070717004395,3.3066125436402825,3.9337841450986724,4.717361408965308,4.8947807244748,3.6104679388258147,3.9783648914073453,3.145309850166333,4.962379979799335,4.003186752667737,4.007194078530574,4.999970263377988,4.6720207061747585,2.92122547474072,3.913854594014386,4.3008462297762176,3.847331551385272,3.7349987713680393,3.610127682300198,4.001132591665577,3.8414672524255495,4.984774217151946,4.982003621896652,4.000528712907403,4.988308017808987
84,3.350857434515528,2.7697729845878643,3.0317013764988165,2.0448612915467717,3.1159297189150514,3.8083561630826335,0.8660736703348928,3.240935262020019,3.1686165047157617,3.0131453673555244,1.8212743574480212,3.6947304182365013,3.869789385475421,3.7817027705575743,3.513155514420415,2.985974363140724,3.814181114107807,3.9808222979009553,3.9974103889130586,3.98954050917805,2.0261648907351946,3.975541875266413,3.015968475902942,2.5073343633951883,3.167638158817673,2.5872288377569204,2.5202707105344535,2.7098005796956413,4.973342033170848,3.9614058773254333,4.978692810305166,3.1188056964265733,3.991193963110382,2.7338106600594387
85,3.4508293002002857,3.2563051827381093,3.4280585696671806,2.7576015293306306,3.1608594287212406,3.650379759417325,2.5481920075157043,3.4192425680504384,3.122527384454144,3.310739182794786,2.673598473230875,2.8541855679331465,3.897122971105223,3.3611800384513426,2.8065977565593645,2.8835102148665146,2.9561335294489424,2.001754820666609,3.9824932551035315,4.971023246496871,3.908722257240717,3.5987971991532235,3.9370316959018203,3.364950689690556,2.465737774101104,2.708392443574839,3.0897002897185493,2.7219332500414533,3.069210345152766,3.010231261332118,3.5517005873493424,4.985616039701254,3.0775798951478768,3.7698183925665854
86,3.7403334199890823,4.085644554892422,4.368138406232231,4.126113994909468,4.479647511710338,4.203242672777147,2.953942398421939,4.420949441189431,4.544240348271489,4.123728547753797,3.352840368820687,3.5270664013333124,4.605602656397669,3.4998770960451244,3.8101071327102085,3.701780859037333,3.30248856752183,3.9685170937444423,3.9841995615870918,2.9922254537694735,3.9029748280856444,3.4524171608093583,3.1417077544140737,3.933831908961524,4.024356720646019,4.2867747650995165,3.7920622379091267,4.602814215750378,3.9887362914418407,3.267104980174551,1.031065897647415,3.0018508218901943,3.0014512082369786,4.97767080715094
87,2.9543271448297563,3.242278920994205,3.4951173032513934,2.829647068097424,3.9589508540120546,3.1343048955272206,3.7987155816570537,3.194183829161022,3.3395511304499492,3.916989482631917,2.783625995449587,2.6782178919208097,3.0607054683476678,2.8505159144066656,2.722628672644498,2.8985592556869806,1.501423685742916,1.9780913111226277,2.0291139929705735,3.969130584919927,4.984057284264928,3.228851286101176,2.853876876047514,4.066811532102243,2.516649625213552,3.006913940795899,3.5411698424277285,3.1202818378879433,2.0392374489129987,2.9993092197074884,1.0237846049936932,3.9954879935555363,2.9874191487189066,3.9747550577229434
88,3.7073199842933646,3.5120826153370936,3.4294412938781313,2.2777391039404598,3.807824617581269,3.8757350188793565,1.983990757666319,3.6106389048438348,3.2031157392922767,3.568000080545095,2.762620866666147,3.6039550659373174,4.233100776793968,4.619562224918653,3.09461881580755,3.794060300698584,2.479134111090591,3.420535802061829,3.7697647507778163,4.00969594892106,4.979062913906629,4.106742160022461,3.450371364309138,3.4650320181833885,3.8847584754922106,3.173988550649018,3.2173364047866704,2.787612204230733,3.9834744480523328,3.4678132216647772,4.974545315653877,4.99186521859241,4.000941041426745,4.159736724980781
89,3.9767962445949667,3.414276735067509,3.5232990799281296,2.3382059437761007,4.047460483107558,3.72967264679031,2.7798943573006674,3.5060610585726955,3.165112188037469,4.1045891921258395,2.48472524676409,3.323545811356312,3.1683398338086906,3.763964340361513,3.2935627716601283,2.907878170210456,2.2526221924781815,2.646029643134689,2.8423962193691468,4.981736808983798,4.9805045846656215,4.260609556508508,2.977608973941696,3.9970984665601903,3.173933237125544,2.659127848276529,4.019063512057968,2.27715463346283,3.0063547760609897,3.777208639159194,3.993303602694231,4.986611846943839,4.974869323894591,2.0246066593012864
90,3.1418479427255184,2.4277125520492824,3.1721793632233677,2.0873381688340036,3.2679160206357984,2.8422449589357597,1.8183075036807486,3.148436611779493,2.79957566916974,2.8283541708252846,1.762999829431212,2.7742520174695477,2.7913657705663044,2.708805109777728,2.918258689358857,2.953091848747539,2.323846130311097,2.269411478423608,2.4576769693098193,2.00489467116231,2.9885387060091055,3.1547175329285126,2.6254280976191153,2.999527128272584,3.100310831063618,2.4609969618007703,2.887245661860697,2.5000457209492426,3.9679599364689837,2.340936939326841,1.0146675611864155,2.9953310164669356,3.982124349938403,2.0076274476779816
91,3.5867419534634717,2.8935579512320007,3.1365555503713765,1.9881648552930056,3.645371564802326,3.468236317363302,2.1035254618087076,3.1584143533388156,2.95392835496434,3.58788679194352,1.9815117539018476,3.1986775560237497,2.985974796753174,3.2730499389938412,3.206141947559791,2.8379465363413385,2.568167298615971,2.6401292106509597,2.9929470218247247,3.9954648692359997,3.459718290992829,3.9231700668350915,2.768815183129177,3.3487011101300324,2.902119608115405,2.388454196211172,3.2060348703390464,2.147048332780907,3.3573289565926574,3.987490509603753,3.988232966274722,3.990484579590313,4.971775061100272,2.014903935261133
92,2.4159465972871854,3.3158334634685893,2.967762654084807,2.7791881594656753,3.143413949096537,2.797098648349727,3.026720486425518,2.979287083328935,2.8929740144872778,3.0376731792557683,2.963709689264676,2.1102973610757454,3.4784756600334643,2.7314475406872494,2.1199914322138596,2.870509050723028,1.1296115049153954,1.7956729378579857,2.561197559534375,2.9944752777491033,4.969628602191282,2.3220505295266762,2.979208079631721,3.242511801435581,2.6151259753372043,3.145086586539471,2.8656351061016414,2.985871491258508,1.6335671740655258,2.0716824351620464,1.0160453013427537,3.991194003974779,1.0213534503078467,4.974217384487833
93,3.027902299020627,2.938324855875267,3.273074567995685,2.581147581149685,3.96195025829883,3.1133300545564997,2.5189096819119445,3.1550994437163777,3.183883885218302,3.5205522096383515,2.5105055536790117,2.7680175090495194,3.1450466077038044,3.2589371916358485,2.547707273758705,3.2103108024821143,1.7478404289194065,2.774565938900732,2.6658393586064975,2.015524946099044,3.9849000761506055,2.928388993221216,2.0128649498475832,3.348100465413553,3.315686234400739,3.0478100978184433,2.8201309768478717,2.9535626096491963,2.3850354757631935,2.982946532206669,2.290275581954289,2.930287882833921,3.981166510102779,3.9810847968536365
94,2.328232624701467,2.4424041721378704,1.981909691602106,1.6330711408223602,2.019344191964235,2.8463764609146964,1.493825104251014,2.329600536353646,1.9085930789858507,2.128975386006165,2.144688755515967,2.214871504143677,3.3447499205684186,3.5171216537242143,1.5680607780659568,2.5436541497263123,2.072399370829351,1.9636707172210035,3.2738062413220397,3.9897270253173254,3.588080947062896,3.120590953165767,3.0878313627406,2.2510968963581637,1.9390361699104337,1.8665119861652606,1.7869320606823524,1.6653205445227897,2.296811741149706,2.0138705653903437,4.969826228878918,4.979181199892012,2.012852809347618,3.989470832503422
95,3.904007648263623,3.7778843001675995,3.005774576234723,2.606856967574569,3.6076849000703426,4.223379549432646,2.709304211269847,3.661394316657397,3.499417892957127,3.8274511827397615,2.507475635839081,3.629025198082752,3.8986519447352292,2.9518836590669055,3.9210303036474135,3.3909495610337963,3.1684679589580025,3.0372209281665166,3.6238503894959813,4.991012638543844,3.0228581054037114,4.964694936320179,3.9693182343274835,3.8277715210808387,2.6399449363698535,2.9233488251045343,3.342720588049748,2.7633468320522394,4.064428762853813,4.977654806539914,3.9972607075768236,4.984456474052466,4.000820822881774,3.0029133702036717
96,1.1584657994284309,1.3773166281207851,1.3561933045976895,1.7319583482873662,1.217081975635844,1.7229153505103525,1.5985703926917076,1.6499728417939967,1.5070765586364234,1.1004243123182158,1.4167115175201253,0.922285096006307,2.2421495120919364,1.1650418008290262,0.8800572725477911,1.931810334436243,1.907173686616412,0.4533834904398949,2.4895789488025524,1.254031870124587,1.0279785235275898,1.6752607348921678,2.4694302444604013,1.5230333912031035,0.6301484404499561,1.330366473437251,0.5947773711741591,1.6645401184471456,1.4786738641997803,0.9974166293623196,1.0074238675646383,2.97693089961206,1.0044826025717093,3.9632688516269607
97,3.9184644215221334,3.919213328108804,4.111553278812858,2.9402162279267996,4.378409072335213,4.200410003464096,2.8513904214556383,3.8864330057802317,4.056557919079545,4.300449288548081,3.087084323856815,3.830885298563379,4.539110057981383,3.831062783079886,3.7311271961879786,3.9012602311632882,2.914508473227471,3.0984460382768146,4.31522829176098,4.478535966712564,4.194041627610633,3.8742014720186346,3.9882679003481756,3.908940812654593,3.5653625493544823,3.776004107568559,3.3825594143632416,3.6888949846977237,3.7837370999199145,4.9771770218437945,3.991627382993473,4.006456479454723,3.992564808065836,4.981092881128611
98,4.208129366695898,3.7732743923995815,4.232904521826658,2.8389348559356393,3.918974994301248,4.273767041106286,2.4953034573047836,4.12748455513205,3.8630964066881104,3.7741752647795566,3.0876499192701035,3.961832021643043,4.957289333623759,4.290232676289046,3.598093104851257,4.382614625472425,3.442274141111943,2.7320061638772466,4.858200250134177,4.504609564451242,4.112131808644655,4.324314472586512,4.971018577408651,3.8530054109381062,3.6828960404848403,3.6331830373001726,3.2412697375479578,3.665215463784102,4.98090386604903,3.998423346511736,3.9906622590669585,5.000876980962491,3.998823842511438,4.990261224474045
99,2.5167110037381346,2.022998319614894,2.0683864366474163,1.7024153099159245,1.992223828074014,2.4845505532950263,1.7731370255134689,2.4201786366279587,1.7260304220583573,1.8862739133306898,1.893508404069983,1.8453104457212945,2.686826812086682,2.922535686292616,1.3288250628403409,2.6489261222397396,2.011444833732103,1.03983230805047,2.7764501484318744,2.663089994077271,3.0952095687245103,3.151991862826816,2.9880588411758184,2.4985178367904872,1.796310700761387,1.5510003639280727,1.847696148817412,1.4910600741085152,2.388574564509077,1.0188239274722668,2.98929589604493,4.971767869793848,2.992420113643903,3.001962517765354
100,2.4564944198479637,1.9263220194609816,2.7024062294698297,1.8756880210431341,2.6630177822287537,2.771339022045372,1.3353128845197424,2.486029822388399,2.383027315166718,2.2278460536964997,1.9822249390603413,2.4965412238368936,3.5395574386624036,3.4390393484889414,1.6092174205255194,3.150418817558451,2.276660867904395,2.0938697573286786,3.5766500121345235,2.3581141115742894,2.560528374747706,2.6812507522252034,2.838919083658166,2.1673091223387395,2.4122742274112974,2.254386534992295,1.0238231396736304,2.541928577258529,2.987018823163,2.16573947140777,3.982781543249622,3.0063680213408044,2.9904940353940686,4.9672423499677665
